<featureType>
  <id>FeatureTypeInfoImpl--570ae188:124761b8d78:-7fd3</id>
  <name>giant_polygon</name>
  <nativeName>giant_polygon</nativeName>
  <namespace>
    <id>NamespaceInfoImpl--570ae188:124761b8d78:-7ff6</id>
  </namespace>
  <title>World rectangle</title>
  <abstract>A simple rectangular polygon covering most of the world, it&apos;s only used for the purpose of providing a background (WMS bgcolor could be used instead)</abstract>
  <keywords>
    <string>DS_giant_polygon</string>
    <string>giant_polygon</string>
  </keywords>
  <nativeCRS>GEOGCS[&quot;GCS_WGS_1984&quot;, 
  DATUM[&quot;WGS_1984&quot;, 
    SPHEROID[&quot;WGS_1984&quot;, 6378137.0, 298.257223563]], 
  PRIMEM[&quot;Greenwich&quot;, 0.0], 
  UNIT[&quot;degree&quot;, 0.017453292519943295], 
  AXIS[&quot;Longitude&quot;, EAST], 
  AXIS[&quot;Latitude&quot;, NORTH]]</nativeCRS>
  <srs>EPSG:4326</srs>
  <nativeBoundingBox>
    <minx>-180.0</minx>
    <maxx>180.0</maxx>
    <miny>-90.0</miny>
    <maxy>90.0</maxy>
    <crs>EPSG:4326</crs>
  </nativeBoundingBox>
  <latLonBoundingBox>
    <minx>-180.0</minx>
    <maxx>180.0</maxx>
    <miny>-90.0</miny>
    <maxy>90.0</maxy>
    <crs>EPSG:4326</crs>
  </latLonBoundingBox>
  <projectionPolicy>FORCE_DECLARED</projectionPolicy>
  <enabled>true</enabled>
  <metadata>
    <entry key="cacheAgeMax">3600</entry>
    <entry key="kml.regionateFeatureLimit">10</entry>
    <entry key="indexingEnabled">false</entry>
    <entry key="cachingEnabled">true</entry>
    <entry key="dirName">DS_giant_polygon_giant_polygon</entry>
  </metadata>
  <store class="dataStore">
    <id>DataStoreInfoImpl--570ae188:124761b8d78:-7fda</id>
  </store>
  <attributes>
    <attribute>
      <name>the_geom</name>
      <minOccurs>0</minOccurs>
      <maxOccurs>1</maxOccurs>
      <nillable>false</nillable>
    </attribute>
  </attributes>
  <maxFeatures>0</maxFeatures>
  <numDecimals>0</numDecimals>
</featureType>