<featureType>
  <id>FeatureTypeInfoImpl--570ae188:124761b8d78:-7fbf</id>
  <name>tasmania_cities</name>
  <nativeName>tasmania_cities</nativeName>
  <namespace>
    <id>NamespaceInfoImpl--570ae188:124761b8d78:-7ffe</id>
  </namespace>
  <title>Tasmania cities</title>
  <abstract>Cities in Tasmania (actually, just the capital)</abstract>
  <keywords>
    <string>cities</string>
    <string>Tasmania</string>
  </keywords>
  <nativeCRS>GEOGCS[&quot;GCS_WGS_1984&quot;, 
  DATUM[&quot;WGS_1984&quot;, 
    SPHEROID[&quot;WGS_1984&quot;, 6378137.0, 298.257223563]], 
  PRIMEM[&quot;Greenwich&quot;, 0.0], 
  UNIT[&quot;degree&quot;, 0.017453292519943295], 
  AXIS[&quot;Longitude&quot;, EAST], 
  AXIS[&quot;Latitude&quot;, NORTH]]</nativeCRS>
  <srs>EPSG:4326</srs>
  <nativeBoundingBox>
    <minx>145.19754</minx>
    <maxx>148.27298000000002</maxx>
    <miny>-43.423512</miny>
    <maxy>-40.852802</maxy>
    <crs>EPSG:4326</crs>
  </nativeBoundingBox>
  <latLonBoundingBox>
    <minx>145.19754</minx>
    <maxx>148.27298000000002</maxx>
    <miny>-43.423512</miny>
    <maxy>-40.852802</maxy>
    <crs>EPSG:4326</crs>
  </latLonBoundingBox>
  <projectionPolicy>FORCE_DECLARED</projectionPolicy>
  <enabled>true</enabled>
  <metadata>
    <entry key="cacheAgeMax">3600</entry>
    <entry key="kml.regionateFeatureLimit">10</entry>
    <entry key="indexingEnabled">false</entry>
    <entry key="cachingEnabled">true</entry>
    <entry key="dirName">tasmania_cities</entry>
  </metadata>
  <store class="dataStore">
    <id>DataStoreInfoImpl--570ae188:124761b8d78:-7fdc</id>
  </store>
  <attributes>
    <attribute>
      <name>the_geom</name>
      <minOccurs>0</minOccurs>
      <maxOccurs>1</maxOccurs>
      <nillable>false</nillable>
    </attribute>
    <attribute>
      <name>CITY_NAME</name>
      <minOccurs>0</minOccurs>
      <maxOccurs>1</maxOccurs>
      <nillable>false</nillable>
    </attribute>
    <attribute>
      <name>ADMIN_NAME</name>
      <minOccurs>0</minOccurs>
      <maxOccurs>1</maxOccurs>
      <nillable>false</nillable>
    </attribute>
    <attribute>
      <name>CNTRY_NAME</name>
      <minOccurs>0</minOccurs>
      <maxOccurs>1</maxOccurs>
      <nillable>false</nillable>
    </attribute>
    <attribute>
      <name>STATUS</name>
      <minOccurs>0</minOccurs>
      <maxOccurs>1</maxOccurs>
      <nillable>false</nillable>
    </attribute>
    <attribute>
      <name>POP_CLASS</name>
      <minOccurs>0</minOccurs>
      <maxOccurs>1</maxOccurs>
      <nillable>false</nillable>
    </attribute>
  </attributes>
  <maxFeatures>0</maxFeatures>
  <numDecimals>0</numDecimals>
</featureType>
